#phi,lambda/nm,l-²,Delta p
85.4	430	0.0000054	1
71.6	458	0.0000048	1
40.6	488	0.0000042	1
27.2	520	0.0000037	1
6.2	568	0.0000031	1
-10	620	0.000006	1
-26.4	694	0.0000021	1
