#Reihe	Spalte	EffHellgk./lux	Fehler
1	1	5.2	0.1414213562
1	4	8.8	0.1414213562
1	8	4.3	0.1414213562
