#Reihe	Spalte	EffHellgk./lux	Fehler
2	8	5.4	0.1414213562
2	3	8.35	0.1414213562
