#Reihe	Spalte	EffHellgk./lux	Fehler
3	1	6.3	0.1414213562
3	2	5.6	0.1414213562
3	3	7.1	0.1414213562
