#T_0/K	T/K	T⁴-T⁴_0	U_St/mV	PHI/F_W
295.15	322.15	3181651804.1295	13.96	4.8137931
295.15	340.15	5798192208.2325	26.19	9.0310345
295.15	348.15	7102715882.5805	32.08	11.062069
295.15	359.15	9049324729.824	40.45	13.9482759
295.15	354.15	8141968094.4815	36.01	12.4172414
295.15	324.15	3451616284.1765	15.83	5.4586207
295.15	312.15	1905324476.0945	9.7	3.3448276
295.15	309.15	1545570630.149	7.92	2.7310345
295.15	305.15	1081920960.135	6.68	2.3034483
